names,from,ngames,yellow,red,season,league_info
Alfonso Alvarez Izquierdo,Spain,20,127,7,14-15,laliga_14-15
Carlos Clos Gomez,Spain,19,92,3,14-15,laliga_14-15
Carlos Delgado Ferreiro,Spain,1,10,0,14-15,laliga_14-15
Javier Estrada Fernandez,Spain,13,61,1,14-15,laliga_14-15
Javier Estrada FernÃ¡ndez,Spain,6,41,1,14-15,laliga_14-15
David Fernandez Borbalan,Spain,17,77,3,14-15,laliga_14-15
Vicandi Garrido,Spain,21,66,9,14-15,laliga_14-15
Jesus Gil Manzano,Spain,20,125,6,14-15,laliga_14-15
Jose Gonzalez Gonzalez,Spain,21,123,4,14-15,laliga_14-15
Alejandro Hernandez Hernandez,Spain,21,112,5,14-15,laliga_14-15
Ignacio Iglesias Villanueva,Spain,18,105,5,14-15,laliga_14-15
Santiago Jaime Latre,Spain,18,127,4,14-15,laliga_14-15
Alberto Undiano Mallenco,Spain,20,97,4,14-15,laliga_14-15
Juan Martinez Munuera,Spain,17,81,3,14-15,laliga_14-15
Antonio Miguel Mateu Lahoz,Spain,19,113,11,14-15,laliga_14-15
Mario Melero Lopez,Spain,17,97,1,14-15,laliga_14-15
Pedro Jesus Perez Montero,Spain,18,96,3,14-15,laliga_14-15
Eduardo Prieto,Spain,21,105,4,14-15,laliga_14-15
Jose Antonio Teixeira Vitienes,Spain,16,93,5,14-15,laliga_14-15
Fernando Teixeira Vitienes,Spain,18,108,12,14-15,laliga_14-15
Carlos Velasco Carballo,Spain,19,132,6,14-15,laliga_14-15
Carlos del Cerro Grande,Spain,20,106,4,14-15,laliga_14-15
Alfonso Alvarez Izquierdo,Spain,18,96,13,15-16,laliga_15-16
Carlos Clos Gomez,Spain,21,126,4,15-16,laliga_15-16
Javier Estrada Fernandez,Spain,20,111,8,15-16,laliga_15-16
David Fernandez Borbalan,Spain,19,109,7,15-16,laliga_15-16
Vicandi Garrido,Spain,19,73,7,15-16,laliga_15-16
Jesus Gil Manzano,Spain,19,120,3,15-16,laliga_15-16
Jose Gonzalez Gonzalez,Spain,21,111,6,15-16,laliga_15-16
Alejandro Hernandez Hernandez,Spain,20,110,7,15-16,laliga_15-16
Ignacio Iglesias Villanueva,Spain,19,123,9,15-16,laliga_15-16
Santiago Jaime Latre,Spain,19,104,5,15-16,laliga_15-16
Alberto Undiano Mallenco,Spain,22,108,5,15-16,laliga_15-16
Juan Martinez Munuera,Spain,18,80,3,15-16,laliga_15-16
Antonio Miguel Mateu Lahoz,Spain,20,104,3,15-16,laliga_15-16
Mario Melero Lopez,Spain,13,90,4,15-16,laliga_15-16
Pedro Jesus Perez Montero,Spain,17,87,2,15-16,laliga_15-16
Eduardo Prieto,Spain,20,103,3,15-16,laliga_15-16
Jose Maria Sanchez Martinez,Spain,19,137,6,15-16,laliga_15-16
Carlos Velasco Carballo,Spain,18,114,8,15-16,laliga_15-16
Ricardo de Burgos,Spain,19,87,2,15-16,laliga_15-16
Carlos del Cerro Grande,Spain,19,103,4,15-16,laliga_15-16
Alfonso Alvarez Izquierdo,Spain,18,111,3,16-17,laliga_16-17
Carlos Clos Gomez,Spain,20,101,4,16-17,laliga_16-17
Javier Estrada Fernandez,Spain,18,107,6,16-17,laliga_16-17
David Fernandez Borbalan,Spain,20,101,4,16-17,laliga_16-17
Vicandi Garrido,Spain,19,74,4,16-17,laliga_16-17
Jesus Gil Manzano,Spain,20,125,5,16-17,laliga_16-17
Jose Gonzalez Gonzalez,Spain,23,103,3,16-17,laliga_16-17
Alejandro Hernandez Hernandez,Spain,18,98,7,16-17,laliga_16-17
Ignacio Iglesias Villanueva,Spain,20,113,4,16-17,laliga_16-17
Santiago Jaime Latre,Spain,20,109,3,16-17,laliga_16-17
Alberto Undiano Mallenco,Spain,18,93,3,16-17,laliga_16-17
Juan Martinez Munuera,Spain,22,114,4,16-17,laliga_16-17
Antonio Miguel Mateu Lahoz,Spain,16,85,1,16-17,laliga_16-17
Mario Melero Lopez,Spain,18,102,5,16-17,laliga_16-17
Jose Luis Munuera Montero,Spain,18,80,7,16-17,laliga_16-17
Daniel Ocon Arraiz,Spain,17,78,3,16-17,laliga_16-17
Jose Maria Sanchez Martinez,Spain,21,102,4,16-17,laliga_16-17
Daniel Jesus Trujillo Suarez,Spain,17,78,5,16-17,laliga_16-17
Ricardo de Burgos,Spain,18,79,5,16-17,laliga_16-17
Carlos del Cerro Grande,Spain,19,108,8,16-17,laliga_16-17
Javier Alberola Rojas,Spain,21,74,5,17-18,laliga_17-18
Alfonso Alvarez Izquierdo,Spain,16,71,1,17-18,laliga_17-18
Javier Estrada Fernandez,Spain,18,99,1,17-18,laliga_17-18
David Fernandez Borbalan,Spain,18,106,7,17-18,laliga_17-18
Jesus Gil Manzano,Spain,19,102,3,17-18,laliga_17-18
Pablo Gonzalez Fuertes,Spain,19,106,6,17-18,laliga_17-18
Jose Gonzalez Gonzalez,Spain,21,84,3,17-18,laliga_17-18
Alejandro Hernandez Hernandez,Spain,18,95,6,17-18,laliga_17-18
Ignacio Iglesias Villanueva,Spain,20,99,2,17-18,laliga_17-18
Santiago Jaime Latre,Spain,21,110,5,17-18,laliga_17-18
Alberto Undiano Mallenco,Spain,20,84,1,17-18,laliga_17-18
Juan Martinez Munuera,Spain,19,99,3,17-18,laliga_17-18
Antonio Miguel Mateu Lahoz,Spain,17,81,1,17-18,laliga_17-18
David Medie Jimenez,Spain,16,61,4,17-18,laliga_17-18
Mario Melero Lopez,Spain,19,116,4,17-18,laliga_17-18
Jose Luis Munuera Montero,Spain,19,107,5,17-18,laliga_17-18
Jose Maria Sanchez Martinez,Spain,21,109,6,17-18,laliga_17-18
Daniel Jesus Trujillo Suarez,Spain,19,105,5,17-18,laliga_17-18
Ricardo de Burgos,Spain,20,92,2,17-18,laliga_17-18
Carlos del Cerro Grande,Spain,19,82,1,17-18,laliga_17-18
Javier Alberola Rojas,Spain,18,76,2,18-19,laliga_18-19
Adrian Cordero Vega,Spain,18,89,3,18-19,laliga_18-19
Guillermo Cuadra Fernandez,Spain,19,76,4,18-19,laliga_18-19
Javier Estrada Fernandez,Spain,21,128,6,18-19,laliga_18-19
Jesus Gil Manzano,Spain,19,109,6,18-19,laliga_18-19
Pablo Gonzalez Fuertes,Spain,19,90,5,18-19,laliga_18-19
Jose Gonzalez Gonzalez,Spain,19,81,5,18-19,laliga_18-19
Alejandro Hernandez Hernandez,Spain,16,112,3,18-19,laliga_18-19
Ignacio Iglesias Villanueva,Spain,19,90,10,18-19,laliga_18-19
Santiago Jaime Latre,Spain,19,89,4,18-19,laliga_18-19
Alberto Undiano Mallenco,Spain,20,93,2,18-19,laliga_18-19
Juan Martinez Munuera,Spain,19,95,3,18-19,laliga_18-19
Antonio Miguel Mateu Lahoz,Spain,19,109,5,18-19,laliga_18-19
David Medie Jimenez,Spain,17,80,3,18-19,laliga_18-19
Mario Melero Lopez,Spain,20,101,3,18-19,laliga_18-19
Jose Luis Munuera Montero,Spain,19,111,5,18-19,laliga_18-19
Eduardo Prieto,Spain,19,79,0,18-19,laliga_18-19
Jose Maria Sanchez Martinez,Spain,21,119,5,18-19,laliga_18-19
Ricardo de Burgos,Spain,20,109,2,18-19,laliga_18-19
Carlos del Cerro Grande,Spain,19,83,3,18-19,laliga_18-19
Javier Alberola Rojas,Spain,20,68,3,19-20,laliga_19-20
Adrian Cordero Vega,Spain,20,82,3,19-20,laliga_19-20
Guillermo Cuadra Fernandez,Spain,20,101,4,19-20,laliga_19-20
Javier Estrada Fernandez,Spain,20,135,10,19-20,laliga_19-20
Jesus Gil Manzano,Spain,19,89,6,19-20,laliga_19-20
Pablo Gonzalez Fuertes,Spain,19,112,3,19-20,laliga_19-20
Jose Gonzalez Gonzalez,Spain,18,76,3,19-20,laliga_19-20
Alejandro Hernandez Hernandez,Spain,19,104,3,19-20,laliga_19-20
Santiago Jaime Latre,Spain,17,82,7,19-20,laliga_19-20
Juan Martinez Munuera,Spain,20,105,3,19-20,laliga_19-20
Antonio Miguel Mateu Lahoz,Spain,21,111,5,19-20,laliga_19-20
David Medie Jimenez,Spain,19,118,5,19-20,laliga_19-20
Mario Melero Lopez,Spain,19,115,4,19-20,laliga_19-20
Jose Luis Munuera Montero,Spain,19,74,7,19-20,laliga_19-20
Valentin Pizarro Gomez,Spain,18,67,4,19-20,laliga_19-20
Eduardo Prieto,Spain,18,97,7,19-20,laliga_19-20
Jose Maria Sanchez Martinez,Spain,19,110,6,19-20,laliga_19-20
Cesar Soto Grado,Spain,19,101,1,19-20,laliga_19-20
Ricardo de Burgos,Spain,17,94,3,19-20,laliga_19-20
Carlos del Cerro Grande,Spain,19,72,2,19-20,laliga_19-20
Javier Alberola Rojas,Spain,20,63,0,20-21,laliga_20-21
Adrian Cordero Vega,Spain,18,78,7,20-21,laliga_20-21
Guillermo Cuadra Fernandez,Spain,21,74,3,20-21,laliga_20-21
Isidro Diaz de Mera Escuderos,Spain,19,87,6,20-21,laliga_20-21
Javier Estrada Fernandez,Spain,22,88,3,20-21,laliga_20-21
Jorge Figueroa Vazquez,Spain,18,67,4,20-21,laliga_20-21
Jesus Gil Manzano,Spain,19,93,3,20-21,laliga_20-21
Pablo Gonzalez Fuertes,Spain,21,110,5,20-21,laliga_20-21
Alejandro Hernandez Hernandez,Spain,17,89,1,20-21,laliga_20-21
Santiago Jaime Latre,Spain,19,83,4,20-21,laliga_20-21
Juan Martinez Munuera,Spain,17,76,3,20-21,laliga_20-21
Antonio Miguel Mateu Lahoz,Spain,18,84,3,20-21,laliga_20-21
David Medie Jimenez,Spain,18,91,9,20-21,laliga_20-21
Mario Melero Lopez,Spain,18,73,1,20-21,laliga_20-21
Jose Luis Munuera Montero,Spain,20,53,3,20-21,laliga_20-21
Valentin Pizarro Gomez,Spain,18,74,6,20-21,laliga_20-21
Jose Maria Sanchez Martinez,Spain,18,105,3,20-21,laliga_20-21
Cesar Soto Grado,Spain,19,86,1,20-21,laliga_20-21
Ricardo de Burgos,Spain,19,90,4,20-21,laliga_20-21
Carlos del Cerro Grande,Spain,21,108,6,20-21,laliga_20-21
Martin Atkinson,West Yorkshire,32,127,7,14-15,epl_14-15
Stuart Attwell,Warwickshire,1,1,0,14-15,epl_14-15
Mark Clattenburg,England,27,93,3,14-15,epl_14-15
Mike Dean,Wirral,29,123,7,14-15,epl_14-15
Phil Dowd,Staffordshire,21,95,4,14-15,epl_14-15
Roger East,Wiltshire,17,53,2,14-15,epl_14-15
Chris Foy,Merseyside,16,52,5,14-15,epl_14-15
Kevin Friend,Leicestershire,23,100,2,14-15,epl_14-15
Mike Jones,Chester,21,60,5,14-15,epl_14-15
Robert Madley,West Yorkshire,11,28,0,14-15,epl_14-15
Andre Marriner,West Midlands,20,86,1,14-15,epl_14-15
Lee Mason,Lancashire,25,71,5,14-15,epl_14-15
Jonathan Moss,West Yorkshire,30,114,8,14-15,epl_14-15
Michael Oliver,Northumberland,28,96,5,14-15,epl_14-15
Craig Pawson,South Yorkshire,21,72,7,14-15,epl_14-15
Lee Probert,Wiltshire,7,26,3,14-15,epl_14-15
Graham Scott,Oxfordshire,1,7,0,14-15,epl_14-15
Keith Stroud,Hampshire,1,2,0,14-15,epl_14-15
Neil Swarbrick,Lancashire,19,75,2,14-15,epl_14-15
Anthony Taylor,Cheshire,29,113,5,14-15,epl_14-15
Paul Tierney,Lancashire,1,3,0,14-15,epl_14-15
Martin Atkinson,West Yorkshire,29,100,1,15-16,epl_15-16
Stuart Attwell,Warwickshire,4,12,1,15-16,epl_15-16
Mark Clattenburg,England,30,97,6,15-16,epl_15-16
Mike Dean,Wirral,33,111,9,15-16,epl_15-16
Roger East,Wiltshire,25,73,1,15-16,epl_15-16
Kevin Friend,Leicestershire,20,63,3,15-16,epl_15-16
Simon Hooper,Wiltshire,1,1,0,15-16,epl_15-16
Mike Jones,Chester,28,85,3,15-16,epl_15-16
Robert Madley,West Yorkshire,26,70,5,15-16,epl_15-16
Andre Marriner,West Midlands,24,86,4,15-16,epl_15-16
Lee Mason,Lancashire,22,56,3,15-16,epl_15-16
Jonathan Moss,West Yorkshire,25,75,5,15-16,epl_15-16
Michael Oliver,Northumberland,26,92,5,15-16,epl_15-16
Craig Pawson,South Yorkshire,28,88,2,15-16,epl_15-16
Graham Scott,Oxfordshire,4,16,1,15-16,epl_15-16
Keith Stroud,Hampshire,2,10,1,15-16,epl_15-16
Neil Swarbrick,Lancashire,18,56,4,15-16,epl_15-16
Anthony Taylor,Cheshire,31,108,5,15-16,epl_15-16
Paul Tierney,Lancashire,4,12,0,15-16,epl_15-16
Martin Atkinson,West Yorkshire,27,92,3,16-17,epl_16-17
Stuart Attwell,Warwickshire,10,31,0,16-17,epl_16-17
Mark Clattenburg,England,22,75,3,16-17,epl_16-17
Mike Dean,Wirral,30,114,5,16-17,epl_16-17
Roger East,Wiltshire,11,37,2,16-17,epl_16-17
Kevin Friend,Leicestershire,20,95,1,16-17,epl_16-17
Mike Jones,Chester,18,62,1,16-17,epl_16-17
Chris Kavanagh,Lancashire,1,4,0,16-17,epl_16-17
Robert Madley,West Yorkshire,30,126,2,16-17,epl_16-17
Andre Marriner,West Midlands,28,98,2,16-17,epl_16-17
Lee Mason,Lancashire,20,74,3,16-17,epl_16-17
Jonathan Moss,West Yorkshire,30,119,3,16-17,epl_16-17
Michael Oliver,Northumberland,33,111,3,16-17,epl_16-17
Craig Pawson,South Yorkshire,24,97,4,16-17,epl_16-17
Lee Probert,Wiltshire,4,12,0,16-17,epl_16-17
Graham Scott,Oxfordshire,8,22,2,16-17,epl_16-17
Neil Swarbrick,Lancashire,24,90,1,16-17,epl_16-17
Anthony Taylor,Cheshire,30,121,4,16-17,epl_16-17
Paul Tierney,Lancashire,10,30,2,16-17,epl_16-17
Martin Atkinson,West Yorkshire,28,104,5,17-18,epl_17-18
Stuart Attwell,Warwickshire,15,55,1,17-18,epl_17-18
David Coote,Nottinghamshire,1,4,0,17-18,epl_17-18
Mike Dean,Wirral,25,95,3,17-18,epl_17-18
Roger East,Wiltshire,18,56,2,17-18,epl_17-18
Kevin Friend,Leicestershire,21,46,0,17-18,epl_17-18
Simon Hooper,Wiltshire,1,3,0,17-18,epl_17-18
Mike Jones,Chester,12,44,1,17-18,epl_17-18
Chris Kavanagh,Lancashire,15,54,2,17-18,epl_17-18
Robert Madley,West Yorkshire,18,53,2,17-18,epl_17-18
Andy Madley,West Yorkshire,1,4,0,17-18,epl_17-18
Andre Marriner,West Midlands,27,72,4,17-18,epl_17-18
Lee Mason,Lancashire,18,46,2,17-18,epl_17-18
Jonathan Moss,West Yorkshire,29,109,3,17-18,epl_17-18
Michael Oliver,Northumberland,30,102,5,17-18,epl_17-18
Craig Pawson,South Yorkshire,24,83,4,17-18,epl_17-18
Lee Probert,Wiltshire,14,21,2,17-18,epl_17-18
Graham Scott,Oxfordshire,20,47,2,17-18,epl_17-18
Neil Swarbrick,Lancashire,20,54,0,17-18,epl_17-18
Anthony Taylor,Cheshire,27,93,1,17-18,epl_17-18
Paul Tierney,Lancashire,16,38,0,17-18,epl_17-18
Martin Atkinson,West Yorkshire,29,91,1,18-19,epl_18-19
Stuart Attwell,Warwickshire,20,63,1,18-19,epl_18-19
David Coote,Nottinghamshire,11,35,0,18-19,epl_18-19
Mike Dean,Wirral,29,134,10,18-19,epl_18-19
Roger East,Wiltshire,10,44,0,18-19,epl_18-19
Kevin Friend,Leicestershire,27,92,3,18-19,epl_18-19
Simon Hooper,Wiltshire,8,20,0,18-19,epl_18-19
Chris Kavanagh,Lancashire,24,75,2,18-19,epl_18-19
Andy Madley,West Yorkshire,2,2,0,18-19,epl_18-19
Andre Marriner,West Midlands,27,76,3,18-19,epl_18-19
Lee Mason,Lancashire,19,63,1,18-19,epl_18-19
Jonathan Moss,West Yorkshire,27,97,5,18-19,epl_18-19
Michael Oliver,Northumberland,30,85,7,18-19,epl_18-19
Craig Pawson,South Yorkshire,26,92,7,18-19,epl_18-19
Lee Probert,Wiltshire,18,48,4,18-19,epl_18-19
Graham Scott,Oxfordshire,17,38,1,18-19,epl_18-19
Anthony Taylor,Cheshire,32,102,1,18-19,epl_18-19
Paul Tierney,Lancashire,24,82,1,18-19,epl_18-19
Martin Atkinson,West Yorkshire,32,94,5,19-20,epl_19-20
Stuart Attwell,Warwickshire,21,89,4,19-20,epl_19-20
Peter Bankes,Lancashire,11,41,1,19-20,epl_19-20
David Coote,Nottinghamshire,16,51,2,19-20,epl_19-20
Mike Dean,Wirral,27,116,4,19-20,epl_19-20
Darren England,Doncaster,1,3,0,19-20,epl_19-20
Kevin Friend,Leicestershire,25,74,5,19-20,epl_19-20
Simon Hooper,Wiltshire,11,36,2,19-20,epl_19-20
Robert Jones,Merseyside,1,4,0,19-20,epl_19-20
Chris Kavanagh,Lancashire,26,86,1,19-20,epl_19-20
Oliver Langford,West Midlands,1,1,0,19-20,epl_19-20
Andy Madley,West Yorkshire,11,39,1,19-20,epl_19-20
Andre Marriner,West Midlands,24,59,2,19-20,epl_19-20
Lee Mason,Lancashire,16,60,1,19-20,epl_19-20
Jonathan Moss,West Yorkshire,25,95,2,19-20,epl_19-20
Michael Oliver,Northumberland,32,105,0,19-20,epl_19-20
Craig Pawson,South Yorkshire,23,87,2,19-20,epl_19-20
Tim Robinson,West Sussex,1,2,0,19-20,epl_19-20
Graham Scott,Oxfordshire,19,58,5,19-20,epl_19-20
Anthony Taylor,Cheshire,32,124,5,19-20,epl_19-20
Paul Tierney,Lancashire,25,76,3,19-20,epl_19-20
Martin Atkinson,West Yorkshire,26,62,2,20-21,epl_20-21
Stuart Attwell,Warwickshire,23,90,4,20-21,epl_20-21
Peter Bankes,Lancashire,16,50,4,20-21,epl_20-21
David Coote,Nottinghamshire,21,68,3,20-21,epl_20-21
Mike Dean,Wirral,25,93,8,20-21,epl_20-21
Darren England,Doncaster,11,35,0,20-21,epl_20-21
Kevin Friend,Leicestershire,25,59,3,20-21,epl_20-21
Simon Hooper,Wiltshire,12,29,0,20-21,epl_20-21
Robert Jones,Merseyside,9,21,2,20-21,epl_20-21
Chris Kavanagh,Lancashire,22,63,2,20-21,epl_20-21
Andy Madley,West Yorkshire,16,42,1,20-21,epl_20-21
Andre Marriner,West Midlands,25,59,1,20-21,epl_20-21
Lee Mason,Lancashire,11,20,0,20-21,epl_20-21
Jonathan Moss,West Yorkshire,25,64,2,20-21,epl_20-21
Michael Oliver,Northumberland,28,85,3,20-21,epl_20-21
Craig Pawson,South Yorkshire,23,80,3,20-21,epl_20-21
Graham Scott,Oxfordshire,13,32,4,20-21,epl_20-21
Anthony Taylor,Cheshire,28,75,3,20-21,epl_20-21
Paul Tierney,Lancashire,21,83,3,20-21,epl_20-21
Deniz Aytekin,Germany,14,51,3,14-15,bundesliga_14-15
Felix Brych,Germany,16,67,6,14-15,bundesliga_14-15
Bastian Dankert,Germany,15,53,4,14-15,bundesliga_14-15
Christian Dingert,Germany,16,63,2,14-15,bundesliga_14-15
Jochen Drees,Germany,11,40,1,14-15,bundesliga_14-15
Marco Fritz,Germany,16,60,1,14-15,bundesliga_14-15
Peter Gagelmann,Germany,15,53,2,14-15,bundesliga_14-15
Manual Grafe,Germany,14,41,1,14-15,bundesliga_14-15
Manuel GrÃ¤fe,Germany,2,12,1,14-15,bundesliga_14-15
Robert Hartmann,Germany,11,34,1,14-15,bundesliga_14-15
Thorsten Kinhofer,Germany,14,53,2,14-15,bundesliga_14-15
Knut Kircher,Germany,16,45,1,14-15,bundesliga_14-15
Florian Meyer,Germany,15,69,4,14-15,bundesliga_14-15
Gunter Perl,Germany,14,62,4,14-15,bundesliga_14-15
Markus Schmidt,Germany,11,38,4,14-15,bundesliga_14-15
Daniel Siebert,Germany,8,24,0,14-15,bundesliga_14-15
Peter Sippel,Germany,12,50,2,14-15,bundesliga_14-15
Wolfgang Stark,Germany,17,66,5,14-15,bundesliga_14-15
Sascha Stegemann,Germany,8,17,2,14-15,bundesliga_14-15
Tobias Stieler,Germany,15,58,1,14-15,bundesliga_14-15
Michael Weiner,Germany,7,29,1,14-15,bundesliga_14-15
Tobias Welz,Germany,11,36,0,14-15,bundesliga_14-15
Guido Winkmann,Germany,11,44,0,14-15,bundesliga_14-15
Felix Zwayer,Germany,17,74,5,14-15,bundesliga_14-15
Deniz Aytekin,Germany,15,60,1,15-16,bundesliga_15-16
Benjamin Brand,Germany,9,34,3,15-16,bundesliga_15-16
Felix Brych,Germany,19,78,2,15-16,bundesliga_15-16
Bastian Dankert,Germany,15,64,3,15-16,bundesliga_15-16
Christian Dingert,Germany,17,81,3,15-16,bundesliga_15-16
Jochen Drees,Germany,7,34,0,15-16,bundesliga_15-16
Marco Fritz,Germany,15,60,3,15-16,bundesliga_15-16
Manual Grafe,Germany,18,58,2,15-16,bundesliga_15-16
Robert Hartmann,Germany,12,37,1,15-16,bundesliga_15-16
Patrick Ittrich,Germany,3,8,0,15-16,bundesliga_15-16
Knut Kircher,Germany,16,48,1,15-16,bundesliga_15-16
Florian Meyer,Germany,15,60,0,15-16,bundesliga_15-16
Gunter Perl,Germany,12,43,3,15-16,bundesliga_15-16
Markus Schmidt,Germany,3,7,1,15-16,bundesliga_15-16
Daniel Siebert,Germany,18,88,2,15-16,bundesliga_15-16
Peter Sippel,Germany,12,33,3,15-16,bundesliga_15-16
Wolfgang Stark,Germany,17,73,1,15-16,bundesliga_15-16
Sascha Stegemann,Germany,17,71,3,15-16,bundesliga_15-16
Tobias Stieler,Germany,16,61,1,15-16,bundesliga_15-16
Michael Weiner,Germany,7,24,0,15-16,bundesliga_15-16
Tobias Welz,Germany,15,55,3,15-16,bundesliga_15-16
Guido Winkmann,Germany,12,51,2,15-16,bundesliga_15-16
Felix Zwayer,Germany,18,87,2,15-16,bundesliga_15-16
Deniz Aytekin,Germany,15,57,2,16-17,bundesliga_16-17
Benjamin Brand,Germany,13,51,4,16-17,bundesliga_16-17
Felix Brych,Germany,18,85,1,16-17,bundesliga_16-17
Benjamin Cortus,Germany,8,19,0,16-17,bundesliga_16-17
Bastian Dankert,Germany,15,64,4,16-17,bundesliga_16-17
Christian Dingert,Germany,14,57,1,16-17,bundesliga_16-17
Jochen Drees,Germany,11,32,2,16-17,bundesliga_16-17
Marco Fritz,Germany,18,65,0,16-17,bundesliga_16-17
Manual Grafe,Germany,18,65,3,16-17,bundesliga_16-17
Robert Hartmann,Germany,13,45,1,16-17,bundesliga_16-17
Patrick Ittrich,Germany,10,57,3,16-17,bundesliga_16-17
Robert Kampka,Germany,8,28,1,16-17,bundesliga_16-17
Harm Osmers,Germany,9,30,1,16-17,bundesliga_16-17
Gunter Perl,Germany,14,50,2,16-17,bundesliga_16-17
Markus Schmidt,Germany,13,50,3,16-17,bundesliga_16-17
Daniel Siebert,Germany,16,62,5,16-17,bundesliga_16-17
Wolfgang Stark,Germany,18,80,3,16-17,bundesliga_16-17
Sascha Stegemann,Germany,16,49,1,16-17,bundesliga_16-17
Tobias Stieler,Germany,18,75,4,16-17,bundesliga_16-17
Tobias Welz,Germany,3,11,0,16-17,bundesliga_16-17
Frank Willenborg,Germany,8,26,4,16-17,bundesliga_16-17
Guido Winkmann,Germany,13,52,7,16-17,bundesliga_16-17
Felix Zwayer,Germany,17,65,4,16-17,bundesliga_16-17
Deniz Aytekin,Germany,17,69,4,17-18,bundesliga_17-18
Benjamin Brand,Germany,13,38,1,17-18,bundesliga_17-18
Felix Brych,Germany,16,56,3,17-18,bundesliga_17-18
Benjamin Cortus,Germany,12,45,3,17-18,bundesliga_17-18
Bastian Dankert,Germany,14,47,1,17-18,bundesliga_17-18
Christian Dingert,Germany,15,54,1,17-18,bundesliga_17-18
Marco Fritz,Germany,12,37,3,17-18,bundesliga_17-18
Manual Grafe,Germany,18,42,0,17-18,bundesliga_17-18
Robert Hartmann,Germany,14,52,2,17-18,bundesliga_17-18
Patrick Ittrich,Germany,13,50,3,17-18,bundesliga_17-18
Sven Jablonski,Germany,8,17,0,17-18,bundesliga_17-18
Robert Kampka,Germany,12,54,0,17-18,bundesliga_17-18
Harm Osmers,Germany,13,47,3,17-18,bundesliga_17-18
Martin Petersen,Germany,8,21,0,17-18,bundesliga_17-18
Markus Schmidt,Germany,13,56,2,17-18,bundesliga_17-18
Daniel Siebert,Germany,17,63,2,17-18,bundesliga_17-18
Sascha Stegemann,Germany,16,42,2,17-18,bundesliga_17-18
Bibiana Steinhaus,Germany,8,17,0,17-18,bundesliga_17-18
Tobias Stieler,Germany,17,54,5,17-18,bundesliga_17-18
Soren Storks,Germany,10,33,1,17-18,bundesliga_17-18
Tobias Welz,Germany,3,7,1,17-18,bundesliga_17-18
Frank Willenborg,Germany,11,27,1,17-18,bundesliga_17-18
Guido Winkmann,Germany,13,56,3,17-18,bundesliga_17-18
Felix Zwayer,Germany,13,49,2,17-18,bundesliga_17-18
Deniz Aytekin,Germany,17,68,4,18-19,bundesliga_18-19
Felix Brych,Germany,16,58,0,18-19,bundesliga_18-19
Benjamin Cortus,Germany,11,36,0,18-19,bundesliga_18-19
Bastian Dankert,Germany,13,50,2,18-19,bundesliga_18-19
Christian Dingert,Germany,15,55,3,18-19,bundesliga_18-19
Marco Fritz,Germany,15,56,3,18-19,bundesliga_18-19
Manual Grafe,Germany,18,45,1,18-19,bundesliga_18-19
Robert Hartmann,Germany,13,37,2,18-19,bundesliga_18-19
Patrick Ittrich,Germany,4,21,2,18-19,bundesliga_18-19
Sven Jablonski,Germany,12,38,1,18-19,bundesliga_18-19
Robert Kampka,Germany,9,39,0,18-19,bundesliga_18-19
Harm Osmers,Germany,12,36,2,18-19,bundesliga_18-19
Martin Petersen,Germany,7,19,0,18-19,bundesliga_18-19
Daniel Schlager,Germany,8,29,0,18-19,bundesliga_18-19
Markus Schmidt,Germany,12,44,0,18-19,bundesliga_18-19
Robert Schroder,Germany,10,42,0,18-19,bundesliga_18-19
Daniel Siebert,Germany,14,43,1,18-19,bundesliga_18-19
Sascha Stegemann,Germany,14,59,3,18-19,bundesliga_18-19
Bibiana Steinhaus,Germany,7,20,0,18-19,bundesliga_18-19
Tobias Stieler,Germany,14,36,3,18-19,bundesliga_18-19
Soren Storks,Germany,11,32,1,18-19,bundesliga_18-19
Tobias Welz,Germany,14,52,8,18-19,bundesliga_18-19
Frank Willenborg,Germany,12,31,3,18-19,bundesliga_18-19
Guido Winkmann,Germany,12,34,2,18-19,bundesliga_18-19
Felix Zwayer,Germany,16,56,2,18-19,bundesliga_18-19
Deniz Aytekin,Germany,16,63,2,19-20,bundesliga_19-20
Benjamin Brand,Germany,1,1,0,19-20,bundesliga_19-20
Felix Brych,Germany,18,80,6,19-20,bundesliga_19-20
Benjamin Cortus,Germany,12,38,0,19-20,bundesliga_19-20
Bastian Dankert,Germany,14,49,2,19-20,bundesliga_19-20
Christian Dingert,Germany,13,57,2,19-20,bundesliga_19-20
Marco Fritz,Germany,15,57,2,19-20,bundesliga_19-20
Manual Grafe,Germany,15,36,3,19-20,bundesliga_19-20
Robert Hartmann,Germany,10,31,3,19-20,bundesliga_19-20
Patrick Ittrich,Germany,10,43,4,19-20,bundesliga_19-20
Sven Jablonski,Germany,12,55,1,19-20,bundesliga_19-20
Robert Kampka,Germany,6,27,0,19-20,bundesliga_19-20
Harm Osmers,Germany,15,53,2,19-20,bundesliga_19-20
Martin Petersen,Germany,10,38,1,19-20,bundesliga_19-20
Daniel Schlager,Germany,10,42,0,19-20,bundesliga_19-20
Markus Schmidt,Germany,13,53,3,19-20,bundesliga_19-20
Robert Schroder,Germany,8,28,2,19-20,bundesliga_19-20
Daniel Siebert,Germany,16,69,3,19-20,bundesliga_19-20
Sascha Stegemann,Germany,15,68,2,19-20,bundesliga_19-20
Bibiana Steinhaus,Germany,8,28,0,19-20,bundesliga_19-20
Tobias Stieler,Germany,16,52,6,19-20,bundesliga_19-20
Soren Storks,Germany,8,30,3,19-20,bundesliga_19-20
Tobias Welz,Germany,7,35,3,19-20,bundesliga_19-20
Frank Willenborg,Germany,12,52,0,19-20,bundesliga_19-20
Guido Winkmann,Germany,11,44,3,19-20,bundesliga_19-20
Felix Zwayer,Germany,15,60,2,19-20,bundesliga_19-20
Deniz Aytekin,Germany,5,22,1,20-21,bundesliga_20-21
Florian Badstubner,Germany,10,32,0,20-21,bundesliga_20-21
Benjamin Brand,Germany,4,16,0,20-21,bundesliga_20-21
Felix Brych,Germany,17,44,1,20-21,bundesliga_20-21
Benjamin Cortus,Germany,11,52,1,20-21,bundesliga_20-21
Bastian Dankert,Germany,14,79,1,20-21,bundesliga_20-21
Christian Dingert,Germany,12,53,2,20-21,bundesliga_20-21
Marco Fritz,Germany,13,42,0,20-21,bundesliga_20-21
Manual Grafe,Germany,17,47,1,20-21,bundesliga_20-21
Robert Hartmann,Germany,10,36,1,20-21,bundesliga_20-21
Patrick Ittrich,Germany,9,27,2,20-21,bundesliga_20-21
Sven Jablonski,Germany,14,34,0,20-21,bundesliga_20-21
Matthias Jollenbeck,Germany,5,11,0,20-21,bundesliga_20-21
Harm Osmers,Germany,14,40,0,20-21,bundesliga_20-21
Martin Petersen,Germany,10,41,3,20-21,bundesliga_20-21
Tobias Reichel,Germany,5,11,0,20-21,bundesliga_20-21
Daniel Schlager,Germany,12,44,4,20-21,bundesliga_20-21
Markus Schmidt,Germany,14,60,6,20-21,bundesliga_20-21
Robert Schroder,Germany,13,53,2,20-21,bundesliga_20-21
Daniel Siebert,Germany,16,54,1,20-21,bundesliga_20-21
Sascha Stegemann,Germany,15,55,2,20-21,bundesliga_20-21
Tobias Stieler,Germany,15,47,3,20-21,bundesliga_20-21
Soren Storks,Germany,10,34,0,20-21,bundesliga_20-21
Frank Willenborg,Germany,11,48,1,20-21,bundesliga_20-21
Guido Winkmann,Germany,14,53,0,20-21,bundesliga_20-21
Felix Zwayer,Germany,16,64,1,20-21,bundesliga_20-21
Benoit Bastien,France,20,70,6,14-15,ligue1_14-15
Wilfried Bien,France,19,51,1,14-15,ligue1_14-15
Ruddy Buquet,France,21,87,10,14-15,ligue1_14-15
Alexandre Castro,France,19,47,4,14-15,ligue1_14-15
Tony Chapron,France,20,71,4,14-15,ligue1_14-15
Amaury Delerue,France,17,64,4,14-15,ligue1_14-15
Sebastien Desiage,France,18,51,2,14-15,ligue1_14-15
Said Ennjimi,France,16,65,3,14-15,ligue1_14-15
Fredy Fautrel,France,22,96,4,14-15,ligue1_14-15
Antony Gautier,France,17,56,3,14-15,ligue1_14-15
Lionel Jaffredo,France,19,75,2,14-15,ligue1_14-15
Stephane Jochem,France,1,5,0,14-15,ligue1_14-15
Philippe Kalt,France,14,39,2,14-15,ligue1_14-15
Stephane Lannoy,France,16,58,4,14-15,ligue1_14-15
Mikael Lesage,France,18,69,5,14-15,ligue1_14-15
Benoit Millot,France,20,75,2,14-15,ligue1_14-15
Sebastien Moreira,France,15,46,1,14-15,ligue1_14-15
Nicolas Rainville,France,15,39,7,14-15,ligue1_14-15
Frank Schneider,France,18,52,2,14-15,ligue1_14-15
Olivier Thual,France,16,50,6,14-15,ligue1_14-15
Clement Turpin,France,19,52,3,14-15,ligue1_14-15
Bartolomeu Varela,France,20,87,3,14-15,ligue1_14-15
Benoit Bastien,France,18,69,7,15-16,ligue1_15-16
Hakim Ben El Hadj,France,15,74,4,15-16,ligue1_15-16
Wilfried Bien,France,10,49,4,15-16,ligue1_15-16
Ruddy Buquet,France,20,84,7,15-16,ligue1_15-16
Tony Chapron,France,20,95,3,15-16,ligue1_15-16
Amaury Delerue,France,12,54,0,15-16,ligue1_15-16
Said Ennjimi,France,13,48,3,15-16,ligue1_15-16
Fredy Fautrel,France,20,63,3,15-16,ligue1_15-16
Antony Gautier,France,20,76,12,15-16,ligue1_15-16
Johan Hamel,France,18,79,8,15-16,ligue1_15-16
Lionel Jaffredo,France,21,97,5,15-16,ligue1_15-16
Stephane Jochem,France,16,54,5,15-16,ligue1_15-16
Stephane Lannoy,France,14,51,2,15-16,ligue1_15-16
Mikael Lesage,France,20,78,8,15-16,ligue1_15-16
Francois Letexier,France,8,24,2,15-16,ligue1_15-16
Jerome Miguelgorry,France,18,69,1,15-16,ligue1_15-16
Benoit Millot,France,23,90,6,15-16,ligue1_15-16
Sebastien Moreira,France,20,74,10,15-16,ligue1_15-16
Nicolas Rainville,France,18,63,7,15-16,ligue1_15-16
Frank Schneider,France,18,68,7,15-16,ligue1_15-16
Clement Turpin,France,18,51,5,15-16,ligue1_15-16
Bartolomeu Varela,France,20,77,5,15-16,ligue1_15-16
Karim Abed,France,19,59,10,16-17,ligue1_16-17
Benoit Bastien,France,21,69,2,16-17,ligue1_16-17
Hakim Ben El Hadj,France,1,3,0,16-17,ligue1_16-17
Jerome Brisard,France,8,18,0,16-17,ligue1_16-17
Ruddy Buquet,France,24,90,8,16-17,ligue1_16-17
Tony Chapron,France,20,70,8,16-17,ligue1_16-17
Amaury Delerue,France,22,84,5,16-17,ligue1_16-17
Sebastien Desiage,France,17,67,7,16-17,ligue1_16-17
Said Ennjimi,France,4,5,1,16-17,ligue1_16-17
Fredy Fautrel,France,3,7,1,16-17,ligue1_16-17
Antony Gautier,France,17,58,3,16-17,ligue1_16-17
Johan Hamel,France,22,77,5,16-17,ligue1_16-17
Lionel Jaffredo,France,8,25,0,16-17,ligue1_16-17
Stephane Lannoy,France,7,24,0,16-17,ligue1_16-17
Mikael Lesage,France,25,90,8,16-17,ligue1_16-17
Francois Letexier,France,22,72,4,16-17,ligue1_16-17
Jerome Miguelgorry,France,21,82,5,16-17,ligue1_16-17
Benoit Millot,France,22,84,4,16-17,ligue1_16-17
Sebastien Moreira,France,5,16,1,16-17,ligue1_16-17
Nicolas Rainville,France,9,26,4,16-17,ligue1_16-17
Frank Schneider,France,21,89,5,16-17,ligue1_16-17
Olivier Thual,France,20,60,5,16-17,ligue1_16-17
Clement Turpin,France,21,52,4,16-17,ligue1_16-17
Bartolomeu Varela,France,21,72,7,16-17,ligue1_16-17
Karim Abed,France,21,77,4,17-18,ligue1_17-18
Benoit Bastien,France,22,101,5,17-18,ligue1_17-18
Hakim Ben El Hadj,France,13,54,2,17-18,ligue1_17-18
Jerome Brisard,France,22,90,5,17-18,ligue1_17-18
Ruddy Buquet,France,22,102,5,17-18,ligue1_17-18
Tony Chapron,France,7,13,2,17-18,ligue1_17-18
Amaury Delerue,France,19,71,5,17-18,ligue1_17-18
Sebastien Desiage,France,14,48,5,17-18,ligue1_17-18
Antony Gautier,France,23,87,3,17-18,ligue1_17-18
Johan Hamel,France,21,83,9,17-18,ligue1_17-18
Stephane Jochem,France,17,57,2,17-18,ligue1_17-18
Stephan Klossner,Switzerland,1,3,0,17-18,ligue1_17-18
Thomas Leonard,France,18,73,4,17-18,ligue1_17-18
Mikael Lesage,France,23,70,7,17-18,ligue1_17-18
Francois Letexier,France,24,106,5,17-18,ligue1_17-18
Jerome Miguelgorry,France,10,45,3,17-18,ligue1_17-18
Benoit Millot,France,22,76,2,17-18,ligue1_17-18
Sebastien Moreira,France,10,38,1,17-18,ligue1_17-18
Nicolas Rainville,France,16,61,5,17-18,ligue1_17-18
Sandro Scharer,Switzerland,1,2,0,17-18,ligue1_17-18
Frank Schneider,France,20,83,6,17-18,ligue1_17-18
Olivier Thual,France,16,39,3,17-18,ligue1_17-18
Clement Turpin,France,18,67,4,17-18,ligue1_17-18
Karim Abed,France,18,65,5,18-19,ligue1_18-19
Benoit Bastien,France,21,93,10,18-19,ligue1_18-19
Florent Batta,France,17,40,7,18-19,ligue1_18-19
Hakim Ben El Hadj,France,19,65,8,18-19,ligue1_18-19
Jerome Brisard,France,20,67,5,18-19,ligue1_18-19
Ruddy Buquet,France,19,79,2,18-19,ligue1_18-19
Willy Delajod,France,19,61,3,18-19,ligue1_18-19
Amaury Delerue,France,17,63,1,18-19,ligue1_18-19
Stephanie Frappart,France,2,9,0,18-19,ligue1_18-19
Antony Gautier,France,21,75,7,18-19,ligue1_18-19
Johan Hamel,France,18,56,7,18-19,ligue1_18-19
Thomas Leonard,France,19,75,7,18-19,ligue1_18-19
Mikael Lesage,France,18,72,4,18-19,ligue1_18-19
Francois Letexier,France,18,67,4,18-19,ligue1_18-19
Jerome Miguelgorry,France,20,78,6,18-19,ligue1_18-19
Benoit Millot,France,17,74,3,18-19,ligue1_18-19
Nicolas Rainville,France,13,56,2,18-19,ligue1_18-19
Frank Schneider,France,19,75,4,18-19,ligue1_18-19
Jeremy Stinat,France,12,42,5,18-19,ligue1_18-19
Olivier Thual,France,18,55,2,18-19,ligue1_18-19
Clement Turpin,France,19,59,4,18-19,ligue1_18-19
Eric Wattellier,France,16,52,5,18-19,ligue1_18-19
Karim Abed,France,12,36,5,19-20,ligue1_19-20
Benoit Bastien,France,11,54,2,19-20,ligue1_19-20
Florent Batta,France,12,34,1,19-20,ligue1_19-20
Hakim Ben El Hadj,France,15,58,1,19-20,ligue1_19-20
Alain Bieri,Switzerland,1,2,1,19-20,ligue1_19-20
Jerome Brisard,France,14,48,4,19-20,ligue1_19-20
Ruddy Buquet,France,16,51,4,19-20,ligue1_19-20
Willy Delajod,France,15,63,3,19-20,ligue1_19-20
Amaury Delerue,France,14,57,8,19-20,ligue1_19-20
Stephanie Frappart,France,11,42,1,19-20,ligue1_19-20
Antony Gautier,France,16,65,5,19-20,ligue1_19-20
Johan Hamel,France,14,45,1,19-20,ligue1_19-20
Thomas Leonard,France,14,54,2,19-20,ligue1_19-20
Mikael Lesage,France,13,55,5,19-20,ligue1_19-20
Francois Letexier,France,14,62,8,19-20,ligue1_19-20
Jerome Miguelgorry,France,4,12,3,19-20,ligue1_19-20
Benoit Millot,France,10,61,1,19-20,ligue1_19-20
Jeremie Pignard,France,12,34,4,19-20,ligue1_19-20
Frank Schneider,France,14,55,2,19-20,ligue1_19-20
Jeremy Stinat,France,12,39,3,19-20,ligue1_19-20
Olivier Thual,France,10,25,3,19-20,ligue1_19-20
Clement Turpin,France,12,39,0,19-20,ligue1_19-20
Anthony Ustaritz,France,1,3,0,19-20,ligue1_19-20
Eric Wattellier,France,12,32,3,19-20,ligue1_19-20
Karim Abed,France,14,52,6,20-21,ligue1_20-21
Benoit Bastien,France,19,72,9,20-21,ligue1_20-21
Florent Batta,France,15,65,1,20-21,ligue1_20-21
Hakim Ben El Hadj,France,17,59,3,20-21,ligue1_20-21
Jerome Brisard,France,20,76,11,20-21,ligue1_20-21
Ruddy Buquet,France,20,73,2,20-21,ligue1_20-21
Bastien Dechepy,France,14,48,5,20-21,ligue1_20-21
Willy Delajod,France,18,68,11,20-21,ligue1_20-21
Amaury Delerue,France,15,73,4,20-21,ligue1_20-21
Stephanie Frappart,France,16,62,1,20-21,ligue1_20-21
Antony Gautier,France,16,45,3,20-21,ligue1_20-21
Johan Hamel,France,17,63,5,20-21,ligue1_20-21
Thomas Leonard,France,12,45,2,20-21,ligue1_20-21
Mikael Lesage,France,19,69,4,20-21,ligue1_20-21
Francois Letexier,France,17,70,5,20-21,ligue1_20-21
Jerome Miguelgorry,France,15,61,1,20-21,ligue1_20-21
Benoit Millot,France,18,79,4,20-21,ligue1_20-21
Aurelien Petit,France,15,61,5,20-21,ligue1_20-21
Jeremie Pignard,France,17,72,4,20-21,ligue1_20-21
Frank Schneider,France,16,68,3,20-21,ligue1_20-21
Jeremy Stinat,France,15,69,1,20-21,ligue1_20-21
Clement Turpin,France,18,56,12,20-21,ligue1_20-21
Eric Wattellier,France,17,42,1,20-21,ligue1_20-21
Eugenio Abbattista,Italy,1,3,0,14-15,seriea_14-15
Rosario Abisso,Italy,2,8,1,14-15,seriea_14-15
Luca Banti,Italy,20,85,7,14-15,seriea_14-15
Gianpaolo Calvarese,Italy,18,83,7,14-15,seriea_14-15
Angelo Cervellera,Italy,17,89,4,14-15,seriea_14-15
Daniele Chiffi,Italy,1,5,1,14-15,seriea_14-15
Antonio Damato,Italy,17,88,5,14-15,seriea_14-15
Marco Di Bello,Italy,18,98,7,14-15,seriea_14-15
Aleandro Di Paolo,Italy,1,2,0,14-15,seriea_14-15
Daniele Doveri,Italy,18,90,4,14-15,seriea_14-15
Michael Fabbri,Italy,3,10,0,14-15,seriea_14-15
Claudio Gavillucci,Italy,3,14,0,14-15,seriea_14-15
Andrea Gervasoni,Italy,18,81,2,14-15,seriea_14-15
Davide Ghersini,Italy,1,5,1,14-15,seriea_14-15
Piero Giacomelli,Italy,18,79,5,14-15,seriea_14-15
Marco Guida,Italy,16,100,6,14-15,seriea_14-15
Massimiliano Irrati,Italy,19,107,7,14-15,seriea_14-15
Federico La Penna,Italy,1,3,0,14-15,seriea_14-15
Gianluca Manganiello,Italy,1,6,0,14-15,seriea_14-15
Fabio Maresca,Italy,2,8,2,14-15,seriea_14-15
Maurizio Mariani,Italy,3,21,1,14-15,seriea_14-15
Davide Massa,Italy,17,85,9,14-15,seriea_14-15
Paolo Silvio Mazzoleni,Italy,18,94,3,14-15,seriea_14-15
Daniele Minelli,Italy,1,3,0,14-15,seriea_14-15
Luigi Nasca,,1,5,0,14-15,seriea_14-15
Daniele Orsato,Italy,17,107,5,14-15,seriea_14-15
Luca Pairetto,Italy,2,9,1,14-15,seriea_14-15
Fabrizio Pasqua,Italy,2,5,0,14-15,seriea_14-15
Sebastiano Peruzzo,Italy,17,83,5,14-15,seriea_14-15
Ivano Pezzuto,Italy,1,6,0,14-15,seriea_14-15
Riccardo Pinzani,Italy,1,4,0,14-15,seriea_14-15
Nicola Rizzoli,Italy,18,96,3,14-15,seriea_14-15
Gianluca Rocchi,Italy,18,98,15,14-15,seriea_14-15
Carmine Russo,Italy,15,70,2,14-15,seriea_14-15
Juan Luca Sacchi,Italy,1,1,0,14-15,seriea_14-15
Paolo Tagliavento,Italy,18,99,0,14-15,seriea_14-15
Dino Tommasi,Italy,18,68,5,14-15,seriea_14-15
Paolo Valeri,Italy,17,93,11,14-15,seriea_14-15
Eugenio Abbattista,Italy,1,9,0,15-16,seriea_15-16
Rosario Abisso,Italy,2,11,0,15-16,seriea_15-16
Gianluca Aureliano,Italy,1,6,0,15-16,seriea_15-16
Luca Banti,Italy,17,105,4,15-16,seriea_15-16
Gianpaolo Calvarese,Italy,16,66,9,15-16,seriea_15-16
Domenico Celi,Italy,18,92,6,15-16,seriea_15-16
Angelo Cervellera,Italy,15,72,3,15-16,seriea_15-16
Daniele Chiffi,Italy,2,5,0,15-16,seriea_15-16
Antonio Damato,Italy,16,85,5,15-16,seriea_15-16
Marco Di Bello,Italy,17,83,7,15-16,seriea_15-16
Daniele Doveri,Italy,17,96,6,15-16,seriea_15-16
Michael Fabbri,Italy,14,68,2,15-16,seriea_15-16
Claudio Gavillucci,Italy,14,63,5,15-16,seriea_15-16
Andrea Gervasoni,Italy,19,107,7,15-16,seriea_15-16
Davide Ghersini,Italy,3,10,0,15-16,seriea_15-16
Piero Giacomelli,Italy,16,55,5,15-16,seriea_15-16
Marco Guida,Italy,16,92,6,15-16,seriea_15-16
Massimiliano Irrati,Italy,18,89,3,15-16,seriea_15-16
Federico La Penna,Italy,1,3,0,15-16,seriea_15-16
Gianluca Manganiello,Italy,1,1,0,15-16,seriea_15-16
Fabio Maresca,Italy,3,20,2,15-16,seriea_15-16
Maurizio Mariani,Italy,14,75,7,15-16,seriea_15-16
Davide Massa,Italy,17,85,1,15-16,seriea_15-16
Paolo Silvio Mazzoleni,Italy,17,82,9,15-16,seriea_15-16
Daniele Orsato,Italy,16,93,3,15-16,seriea_15-16
Luca Pairetto,Italy,3,18,2,15-16,seriea_15-16
Fabrizio Pasqua,Italy,2,10,2,15-16,seriea_15-16
Nicola Rizzoli,Italy,17,99,10,15-16,seriea_15-16
Gianluca Rocchi,Italy,18,95,7,15-16,seriea_15-16
Riccardo Ros,Italy,1,3,0,15-16,seriea_15-16
Carmine Russo,Italy,16,66,5,15-16,seriea_15-16
Francesco Saia,Italy,1,3,0,15-16,seriea_15-16
Marco Serra,Italy,1,5,1,15-16,seriea_15-16
Paolo Tagliavento,Italy,14,68,4,15-16,seriea_15-16
Paolo Valeri,Italy,16,105,7,15-16,seriea_15-16
Eugenio Abbattista,Italy,1,3,0,16-17,seriea_16-17
Rosario Abisso,Italy,3,14,2,16-17,seriea_16-17
Gianluca Aureliano,Italy,1,4,1,16-17,seriea_16-17
Luca Banti,Italy,16,72,6,16-17,seriea_16-17
Gianpaolo Calvarese,Italy,16,71,3,16-17,seriea_16-17
Domenico Celi,Italy,15,59,4,16-17,seriea_16-17
Daniele Chiffi,Italy,2,10,1,16-17,seriea_16-17
Antonio Damato,Italy,17,75,5,16-17,seriea_16-17
Marco Di Bello,Italy,17,85,6,16-17,seriea_16-17
Antonio Di Martino,Italy,1,4,0,16-17,seriea_16-17
Aleandro Di Paolo,Italy,1,3,0,16-17,seriea_16-17
Daniele Doveri,Italy,17,77,5,16-17,seriea_16-17
Michael Fabbri,Italy,16,65,1,16-17,seriea_16-17
Claudio Gavillucci,Italy,15,72,3,16-17,seriea_16-17
Davide Ghersini,Italy,3,13,0,16-17,seriea_16-17
Piero Giacomelli,Italy,17,53,2,16-17,seriea_16-17
Marco Guida,Italy,14,71,3,16-17,seriea_16-17
Massimiliano Irrati,Italy,16,80,4,16-17,seriea_16-17
Federico La Penna,Italy,1,2,0,16-17,seriea_16-17
Gianluca Manganiello,Italy,3,11,0,16-17,seriea_16-17
Fabio Maresca,Italy,15,75,6,16-17,seriea_16-17
Maurizio Mariani,Italy,17,67,3,16-17,seriea_16-17
Valerio Marini,Italy,1,2,0,16-17,seriea_16-17
Daniele Martinelli,,1,4,1,16-17,seriea_16-17
Davide Massa,Italy,16,74,3,16-17,seriea_16-17
Paolo Silvio Mazzoleni,Italy,17,70,3,16-17,seriea_16-17
Daniele Minelli,Italy,1,5,1,16-17,seriea_16-17
Luigi Nasca,,1,6,0,16-17,seriea_16-17
Daniele Orsato,Italy,15,80,3,16-17,seriea_16-17
Luca Pairetto,Italy,14,67,7,16-17,seriea_16-17
Fabrizio Pasqua,Italy,3,10,1,16-17,seriea_16-17
Riccardo Pinzani,Italy,1,3,3,16-17,seriea_16-17
Antonio Rapuano,,1,2,0,16-17,seriea_16-17
Nicola Rizzoli,Italy,17,92,4,16-17,seriea_16-17
Gianluca Rocchi,Italy,16,69,6,16-17,seriea_16-17
Carmine Russo,Italy,17,68,1,16-17,seriea_16-17
Juan Luca Sacchi,Italy,1,4,1,16-17,seriea_16-17
Marco Serra,Italy,1,6,0,16-17,seriea_16-17
Paolo Tagliavento,Italy,16,71,3,16-17,seriea_16-17
Paolo Valeri,Italy,17,96,5,16-17,seriea_16-17
Eugenio Abbattista,Italy,3,12,0,17-18,seriea_17-18
Rosario Abisso,Italy,16,61,3,17-18,seriea_17-18
Gianluca Aureliano,Italy,3,10,1,17-18,seriea_17-18
Luca Banti,Italy,18,61,2,17-18,seriea_17-18
Gianpaolo Calvarese,Italy,16,58,3,17-18,seriea_17-18
Daniele Chiffi,Italy,3,5,1,17-18,seriea_17-18
Antonio Damato,Italy,15,69,2,17-18,seriea_17-18
Marco Di Bello,Italy,16,68,4,17-18,seriea_17-18
Daniele Doveri,Italy,17,84,2,17-18,seriea_17-18
Michael Fabbri,Italy,18,70,4,17-18,seriea_17-18
Francesco Fourneau,Italy,1,3,0,17-18,seriea_17-18
Claudio Gavillucci,Italy,17,79,1,17-18,seriea_17-18
Davide Ghersini,Italy,1,4,0,17-18,seriea_17-18
Piero Giacomelli,Italy,16,52,5,17-18,seriea_17-18
Antonio Giua,Italy,1,2,0,17-18,seriea_17-18
Marco Guida,Italy,16,78,7,17-18,seriea_17-18
Lorenzo Illuzzi,Italy,1,3,1,17-18,seriea_17-18
Massimiliano Irrati,Italy,15,68,1,17-18,seriea_17-18
Federico La Penna,Italy,3,11,0,17-18,seriea_17-18
Gianluca Manganiello,Italy,16,51,8,17-18,seriea_17-18
Fabio Maresca,Italy,16,68,9,17-18,seriea_17-18
Maurizio Mariani,Italy,16,76,6,17-18,seriea_17-18
Livio Marinelli,italy,1,0,0,17-18,seriea_17-18
Davide Massa,Italy,19,73,1,17-18,seriea_17-18
Paolo Silvio Mazzoleni,Italy,18,51,4,17-18,seriea_17-18
Luigi Nasca,,1,5,0,17-18,seriea_17-18
Daniele Orsato,Italy,17,69,2,17-18,seriea_17-18
Luca Pairetto,Italy,15,63,3,17-18,seriea_17-18
Fabrizio Pasqua,Italy,15,45,1,17-18,seriea_17-18
Ivano Pezzuto,Italy,1,1,0,17-18,seriea_17-18
Marco Piccinini,Italy,1,1,0,17-18,seriea_17-18
Riccardo Pinzani,Italy,1,2,0,17-18,seriea_17-18
Gianluca Rocchi,Italy,16,79,8,17-18,seriea_17-18
Paolo Tagliavento,Italy,16,70,6,17-18,seriea_17-18
Paolo Valeri,Italy,15,59,6,17-18,seriea_17-18
Eugenio Abbattista,Italy,3,9,0,18-19,seriea_18-19
Rosario Abisso,Italy,17,72,3,18-19,seriea_18-19
Gianluca Aureliano,Italy,2,9,2,18-19,seriea_18-19
Luca Banti,Italy,17,82,5,18-19,seriea_18-19
Gianpaolo Calvarese,Italy,18,84,1,18-19,seriea_18-19
Daniele Chiffi,Italy,15,65,7,18-19,seriea_18-19
Marco Di Bello,Italy,15,69,6,18-19,seriea_18-19
Antonio Di Martino,Italy,1,4,0,18-19,seriea_18-19
Aleandro Di Paolo,Italy,1,1,0,18-19,seriea_18-19
Federico Dionisi,Italy,1,2,0,18-19,seriea_18-19
Daniele Doveri,Italy,19,88,5,18-19,seriea_18-19
Michael Fabbri,Italy,15,78,3,18-19,seriea_18-19
Francesco Fourneau,Italy,2,9,0,18-19,seriea_18-19
Davide Ghersini,Italy,1,3,0,18-19,seriea_18-19
Piero Giacomelli,Italy,18,61,2,18-19,seriea_18-19
Antonio Giua,Italy,4,17,0,18-19,seriea_18-19
Marco Guida,Italy,16,86,2,18-19,seriea_18-19
Massimiliano Irrati,Italy,16,77,6,18-19,seriea_18-19
Federico La Penna,Italy,15,51,2,18-19,seriea_18-19
Lorenzo Maggioni,Italy,1,2,0,18-19,seriea_18-19
Gianluca Manganiello,Italy,16,64,3,18-19,seriea_18-19
Fabio Maresca,Italy,16,95,7,18-19,seriea_18-19
Maurizio Mariani,Italy,15,84,8,18-19,seriea_18-19
Livio Marinelli,italy,2,11,0,18-19,seriea_18-19
Davide Massa,Italy,16,85,1,18-19,seriea_18-19
Luca Massimi,Italy,1,3,0,18-19,seriea_18-19
Paolo Silvio Mazzoleni,Italy,17,70,8,18-19,seriea_18-19
Luigi Nasca,,1,2,0,18-19,seriea_18-19
Daniele Orsato,Italy,19,105,1,18-19,seriea_18-19
Luca Pairetto,Italy,16,76,4,18-19,seriea_18-19
Fabrizio Pasqua,Italy,19,66,3,18-19,seriea_18-19
Ivano Pezzuto,Italy,1,6,0,18-19,seriea_18-19
Marco Piccinini,Italy,4,17,0,18-19,seriea_18-19
Gianluca Rocchi,Italy,16,82,6,18-19,seriea_18-19
Riccardo Ros,Italy,1,3,0,18-19,seriea_18-19
Juan Luca Sacchi,Italy,3,14,0,18-19,seriea_18-19
Marco Serra,Italy,1,7,1,18-19,seriea_18-19
Paolo Valeri,Italy,17,73,3,18-19,seriea_18-19
Manuel Volpi,Italy,2,9,0,18-19,seriea_18-19
Eugenio Abbattista,Italy,3,11,0,19-20,seriea_19-20
Rosario Abisso,Italy,18,101,2,19-20,seriea_19-20
Gianluca Aureliano,Italy,2,8,0,19-20,seriea_19-20
Giovanni Ayroldi,Italy,2,12,2,19-20,seriea_19-20
Gianpaolo Calvarese,Italy,17,78,2,19-20,seriea_19-20
Daniele Chiffi,Italy,17,79,3,19-20,seriea_19-20
Marco Di Bello,Italy,16,65,1,19-20,seriea_19-20
Daniele Doveri,Italy,18,74,2,19-20,seriea_19-20
Michael Fabbri,Italy,13,73,3,19-20,seriea_19-20
Francesco Fourneau,Italy,3,20,1,19-20,seriea_19-20
Davide Ghersini,Italy,1,3,0,19-20,seriea_19-20
Piero Giacomelli,Italy,16,65,1,19-20,seriea_19-20
Antonio Giua,Italy,14,71,6,19-20,seriea_19-20
Marco Guida,Italy,17,99,12,19-20,seriea_19-20
Massimiliano Irrati,Italy,15,82,5,19-20,seriea_19-20
Federico La Penna,Italy,17,88,6,19-20,seriea_19-20
Lorenzo Maggioni,Italy,1,4,0,19-20,seriea_19-20
Gianluca Manganiello,Italy,15,69,8,19-20,seriea_19-20
Fabio Maresca,Italy,18,96,5,19-20,seriea_19-20
Maurizio Mariani,Italy,20,102,11,19-20,seriea_19-20
Livio Marinelli,italy,1,4,0,19-20,seriea_19-20
Davide Massa,Italy,19,109,7,19-20,seriea_19-20
Luca Massimi,Italy,1,3,0,19-20,seriea_19-20
Daniele Orsato,Italy,17,93,3,19-20,seriea_19-20
Luca Pairetto,Italy,16,79,7,19-20,seriea_19-20
Fabrizio Pasqua,Italy,14,51,0,19-20,seriea_19-20
Marco Piccinini,Italy,16,78,3,19-20,seriea_19-20
Alessandro Prontera,Italy,1,3,0,19-20,seriea_19-20
Gianluca Rocchi,Italy,16,93,6,19-20,seriea_19-20
Riccardo Ros,Italy,1,5,0,19-20,seriea_19-20
Juan Luca Sacchi,Italy,3,13,0,19-20,seriea_19-20
Simone Sozza,Italy,2,7,0,19-20,seriea_19-20
Paolo Valeri,Italy,17,91,2,19-20,seriea_19-20
Manuel Volpi,Italy,3,8,0,19-20,seriea_19-20
Eugenio Abbattista,Italy,3,15,1,20-21,seriea_20-21
Rosario Abisso,Italy,13,59,4,20-21,seriea_20-21
Gianluca Aureliano,Italy,6,33,0,20-21,seriea_20-21
Giovanni Ayroldi,Italy,7,28,3,20-21,seriea_20-21
Gianpaolo Calvarese,Italy,16,60,5,20-21,seriea_20-21
Giacomo Camplone,,1,4,0,20-21,seriea_20-21
Daniele Chiffi,Italy,16,57,0,20-21,seriea_20-21
Marco Di Bello,Italy,17,80,3,20-21,seriea_20-21
Antonio Di Martino,Italy,4,22,3,20-21,seriea_20-21
Federico Dionisi,Italy,5,22,0,20-21,seriea_20-21
Daniele Doveri,Italy,17,69,0,20-21,seriea_20-21
Michael Fabbri,Italy,14,65,3,20-21,seriea_20-21
Francesco Fourneau,Italy,9,51,2,20-21,seriea_20-21
Matteo Gariglio,,2,4,0,20-21,seriea_20-21
Davide Ghersini,Italy,4,18,0,20-21,seriea_20-21
Piero Giacomelli,Italy,17,78,1,20-21,seriea_20-21
Antonio Giua,Italy,6,24,2,20-21,seriea_20-21
Marco Guida,Italy,10,43,3,20-21,seriea_20-21
Massimiliano Irrati,Italy,11,50,0,20-21,seriea_20-21
Federico La Penna,Italy,10,49,4,20-21,seriea_20-21
Lorenzo Maggioni,Italy,1,1,0,20-21,seriea_20-21
Gianluca Manganiello,Italy,10,31,1,20-21,seriea_20-21
Matteo Marchetti,Italy,2,8,0,20-21,seriea_20-21
Fabio Maresca,Italy,14,86,4,20-21,seriea_20-21
Maurizio Mariani,Italy,18,67,2,20-21,seriea_20-21
Livio Marinelli,italy,6,24,1,20-21,seriea_20-21
Valerio Marini,Italy,7,30,0,20-21,seriea_20-21
Davide Massa,Italy,17,78,4,20-21,seriea_20-21
Luca Massimi,Italy,4,18,1,20-21,seriea_20-21
Francesco Meraviglia,,1,4,1,20-21,seriea_20-21
Daniele Orsato,Italy,15,77,2,20-21,seriea_20-21
Luca Pairetto,Italy,15,61,6,20-21,seriea_20-21
Fabrizio Pasqua,Italy,12,41,3,20-21,seriea_20-21
Daniele Paterna,,2,4,0,20-21,seriea_20-21
Ivano Pezzuto,Italy,5,15,0,20-21,seriea_20-21
Marco Piccinini,Italy,13,48,1,20-21,seriea_20-21
Alessandro Prontera,Italy,5,19,2,20-21,seriea_20-21
Antonio Rapuano,,4,19,0,20-21,seriea_20-21
Riccardo Ros,Italy,1,6,1,20-21,seriea_20-21
Juan Luca Sacchi,Italy,12,50,1,20-21,seriea_20-21
Alberto Santoro,Italy,2,8,0,20-21,seriea_20-21
Marco Serra,Italy,2,9,0,20-21,seriea_20-21
Simone Sozza,Italy,6,20,2,20-21,seriea_20-21
Paolo Valeri,Italy,13,59,3,20-21,seriea_20-21
Manuel Volpi,Italy,5,16,0,20-21,seriea_20-21
Timur Arslanbekov,Russia,1,3,1,14-15,rfpl_14-15
Vladislav Bezborodov,Russia,15,82,5,14-15,rfpl_14-15
Alexander Egorov,Russia,16,70,1,14-15,rfpl_14-15
Alexei Eskov,Russia,13,57,1,14-15,rfpl_14-15
Igor Fedotov,Russia,10,46,2,14-15,rfpl_14-15
Sergey Ivanov,Russia,20,75,3,14-15,rfpl_14-15
Sergey Karasev,Russia,14,58,2,14-15,rfpl_14-15
Sergey Kulikov,Russia,10,43,0,14-15,rfpl_14-15
Serguei Lapochkin,Russia,21,89,1,14-15,rfpl_14-15
Kirill Levnikov,Russia,13,52,5,14-15,rfpl_14-15
Alexei Matyunin,Russia,10,49,2,14-15,rfpl_14-15
Vitalj Meshkov,Russia,18,67,3,14-15,rfpl_14-15
Vladimir Moskalev,Russia,14,52,6,14-15,rfpl_14-15
Aleksei Nikolaev,Russia,19,91,4,14-15,rfpl_14-15
Igor Nizovtsev,Russia,17,89,5,14-15,rfpl_14-15
Vitaly Rushakov,Russia,4,12,1,14-15,rfpl_14-15
Taras Shevchenko,Russia,1,2,0,14-15,rfpl_14-15
Mikhail Vilkov,Russia,20,93,1,14-15,rfpl_14-15
Vladislav Bezborodov,Russia,22,108,4,15-16,rfpl_15-16
Alexander Egorov,Russia,12,49,0,15-16,rfpl_15-16
Alexei Eskov,Russia,14,52,2,15-16,rfpl_15-16
Igor Fedotov,Russia,15,57,2,15-16,rfpl_15-16
Sergey Ivanov,Russia,18,70,1,15-16,rfpl_15-16
Sergey Karasev,Russia,17,80,8,15-16,rfpl_15-16
Sergey Kostevich,Russia,4,14,1,15-16,rfpl_15-16
Sergey Kulikov,Russia,9,34,0,15-16,rfpl_15-16
Serguei Lapochkin,Russia,15,51,2,15-16,rfpl_15-16
Kirill Levnikov,Russia,16,49,1,15-16,rfpl_15-16
Alexei Matyunin,Russia,16,60,5,15-16,rfpl_15-16
Vitalj Meshkov,Russia,17,83,3,15-16,rfpl_15-16
Vladimir Moskalev,Russia,17,66,3,15-16,rfpl_15-16
Aleksei Nikolaev,Russia,20,68,2,15-16,rfpl_15-16
Igor Nizovtsev,Russia,7,24,4,15-16,rfpl_15-16
Vladimir Seldyakov,Russia,1,1,0,15-16,rfpl_15-16
Evgeny Turbin,Russia,1,7,0,15-16,rfpl_15-16
Mikhail Vilkov,Russia,19,89,6,15-16,rfpl_15-16
Timur Arslanbekov,Russia,1,9,0,16-17,rfpl_16-17
Vladislav Bezborodov,Russia,18,85,7,16-17,rfpl_16-17
Artem Chistyakov,Russia,6,17,0,16-17,rfpl_16-17
Alexei Dry,,7,18,1,16-17,rfpl_16-17
Alexander Egorov,Russia,19,71,3,16-17,rfpl_16-17
Alexei Eskov,Russia,15,52,6,16-17,rfpl_16-17
Igor Fedotov,Russia,10,42,3,16-17,rfpl_16-17
Roman Galimov,Russia,7,25,1,16-17,rfpl_16-17
Sergey Ivanov,Russia,13,49,2,16-17,rfpl_16-17
Sergey Karasev,Russia,12,43,3,16-17,rfpl_16-17
Serguei Lapochkin,Russia,15,55,5,16-17,rfpl_16-17
Kirill Levnikov,Russia,18,46,1,16-17,rfpl_16-17
Alexei Matyunin,Russia,11,52,3,16-17,rfpl_16-17
Vitalj Meshkov,Russia,13,51,5,16-17,rfpl_16-17
Vladimir Moskalev,Russia,9,47,1,16-17,rfpl_16-17
Aleksei Nikolaev,Russia,15,49,1,16-17,rfpl_16-17
Vladimir Seldyakov,Russia,17,60,3,16-17,rfpl_16-17
Oleg Sokolov,,1,5,1,16-17,rfpl_16-17
Evgeny Turbin,Russia,15,64,0,16-17,rfpl_16-17
Mikhail Vilkov,Russia,18,64,7,16-17,rfpl_16-17
Vladislav Bezborodov,Russia,17,61,2,17-18,rfpl_17-18
Artem Chistyakov,Russia,9,39,1,17-18,rfpl_17-18
Alexei Dry,,11,40,1,17-18,rfpl_17-18
Alexei Eskov,Russia,16,61,3,17-18,rfpl_17-18
Igor Fedotov,Russia,9,39,1,17-18,rfpl_17-18
Roman Galimov,Russia,18,79,0,17-18,rfpl_17-18
Sergey Ivanov,Russia,16,68,3,17-18,rfpl_17-18
Sergey Karasev,Russia,16,57,2,17-18,rfpl_17-18
Paul Kukuyan,,3,13,0,17-18,rfpl_17-18
Sergey Kulikov,Russia,3,16,0,17-18,rfpl_17-18
Serguei Lapochkin,Russia,20,53,4,17-18,rfpl_17-18
Kirill Levnikov,Russia,11,42,0,17-18,rfpl_17-18
Alexei Matyunin,Russia,10,45,1,17-18,rfpl_17-18
Vitalj Meshkov,Russia,11,45,1,17-18,rfpl_17-18
Vladimir Moskalev,Russia,18,62,2,17-18,rfpl_17-18
Aleksei Nikolaev,Russia,11,36,2,17-18,rfpl_17-18
Vladimir Seldyakov,Russia,11,45,4,17-18,rfpl_17-18
Evgeny Turbin,Russia,13,61,3,17-18,rfpl_17-18
Mikhail Vilkov,Russia,16,62,4,17-18,rfpl_17-18
Vladislav Bezborodov,Russia,18,86,5,18-19,rfpl_18-19
Alexei Dry,,5,21,3,18-19,rfpl_18-19
Alexei Eskov,Russia,16,86,7,18-19,rfpl_18-19
Roman Galimov,Russia,9,32,2,18-19,rfpl_18-19
Sergey Ivanov,Russia,19,87,2,18-19,rfpl_18-19
Sergey Karasev,Russia,17,62,7,18-19,rfpl_18-19
Vasily Kazartsev,Russia,18,103,4,18-19,rfpl_18-19
Paul Kukuyan,,6,27,1,18-19,rfpl_18-19
Serguei Lapochkin,Russia,21,109,5,18-19,rfpl_18-19
Kirill Levnikov,Russia,14,65,5,18-19,rfpl_18-19
Alexei Matyunin,Russia,17,84,4,18-19,rfpl_18-19
Vitalj Meshkov,Russia,21,93,2,18-19,rfpl_18-19
Vladimir Moskalev,Russia,15,68,1,18-19,rfpl_18-19
Evgeny Turbin,Russia,12,61,1,18-19,rfpl_18-19
Stanislav Vasilyev,,3,14,1,18-19,rfpl_18-19
Mikhail Vilkov,Russia,17,71,5,18-19,rfpl_18-19
Nikolay Voloshin,Russia,12,54,2,18-19,rfpl_18-19
Vladislav Bezborodov,Russia,18,107,5,19-20,rfpl_19-20
Alexei Dry,,13,62,3,19-20,rfpl_19-20
Alexei Eskov,Russia,13,73,1,19-20,rfpl_19-20
Sergey Ivanov,Russia,14,82,3,19-20,rfpl_19-20
Sergey Karasev,Russia,18,76,0,19-20,rfpl_19-20
Vasily Kazartsev,Russia,16,84,3,19-20,rfpl_19-20
Eugene Kukulyak,,1,0,0,19-20,rfpl_19-20
Paul Kukuyan,,14,55,3,19-20,rfpl_19-20
Serguei Lapochkin,Russia,20,109,7,19-20,rfpl_19-20
Kirill Levnikov,Russia,7,32,3,19-20,rfpl_19-20
Alexei Matyunin,Russia,11,64,3,19-20,rfpl_19-20
Vitalj Meshkov,Russia,17,103,9,19-20,rfpl_19-20
Vladimir Moskalev,Russia,7,45,4,19-20,rfpl_19-20
Igor Panin,,8,38,3,19-20,rfpl_19-20
Evgeny Turbin,Russia,16,92,4,19-20,rfpl_19-20
Stanislav Vasilyev,,15,87,5,19-20,rfpl_19-20
Mikhail Vilkov,Russia,15,68,4,19-20,rfpl_19-20
Nikolay Voloshin,Russia,16,70,4,19-20,rfpl_19-20
Vladislav Bezborodov,Russia,15,78,10,20-21,rfpl_20-21
Alexei Dry,,6,40,6,20-21,rfpl_20-21
Anton Frolov,,1,1,0,20-21,rfpl_20-21
Sergey Ivanov,Russia,18,100,2,20-21,rfpl_20-21
Sergey Karasev,Russia,17,80,6,20-21,rfpl_20-21
Vasily Kazartsev,Russia,11,72,4,20-21,rfpl_20-21
Eugene Kukulyak,,11,55,1,20-21,rfpl_20-21
Paul Kukuyan,,17,90,6,20-21,rfpl_20-21
Serguei Lapochkin,Russia,15,83,13,20-21,rfpl_20-21
Kirill Levnikov,Russia,18,108,3,20-21,rfpl_20-21
Artem Lyubimov,Russia,3,18,2,20-21,rfpl_20-21
Alexei Matyunin,Russia,15,69,5,20-21,rfpl_20-21
Vitalj Meshkov,Russia,18,108,5,20-21,rfpl_20-21
Vladimir Moskalev,Russia,13,67,2,20-21,rfpl_20-21
Igor Panin,,15,93,8,20-21,rfpl_20-21
Pavel Shadyhanov,,4,14,0,20-21,rfpl_20-21
Ivan Sidenkov,,7,33,1,20-21,rfpl_20-21
Evgeny Turbin,Russia,5,35,3,20-21,rfpl_20-21
Stanislav Vasilyev,,14,81,5,20-21,rfpl_20-21
Mikhail Vilkov,Russia,10,40,5,20-21,rfpl_20-21
Nikolay Voloshin,Russia,7,26,1,20-21,rfpl_20-21
